{"schemaVersion":1,"images":[{"name":"ntp-2025-16","source":"background-16_x558.jpg","focalPoint":{"x":558,"y":800},"author":"Mogli Maureal","link":"https://www.instagram.com/themogli","originalUrl":"Contributor sent the hi-res version through email","license":"used with permission"},{"name":"ntp-2025-03","source":"background-3_x1396.jpg","focalPoint":{"x":1396,"y":800},"author":"Spencer Moore","link":"https://www.smoorevisuals.com/landscapes","originalUrl":"Contributor sent the hi-res version through email","license":"used with permission"},{"name":"ntp-2025-17","source":"background-17_x1537.jpg","focalPoint":{"x":1537,"y":800},"author":"Megan Mullally","link":"https://www.instagram.com/meg.goes.mobile","originalUrl":"Contributor sent the hi-res version through email","license":"used with permission"},{"name":"ntp-2025-18","source":"background-18_x2060.jpg","focalPoint":{"x":2060,"y":800},"author":"Megan Mullally","link":"https://www.instagram.com/meg.goes.mobile","originalUrl":"Contributor sent the hi-res version through email","license":"used with permission"},{"name":"ntp-2025-12","source":"background-12_x1280.jpg","focalPoint":{"x":1280,"y":800},"author":"Moe Dhia Merazka","link":"https://www.instagram.com/moedhiamerazka","originalUrl":"Contributor sent the hi-res version through email","license":"used with permission"},{"name":"ntp-2025-15","source":"background-15_x1032.jpg","focalPoint":{"x":1032,"y":800},"author":"Mogli Maureal","link":"https://www.instagram.com/themogli","originalUrl":"Contributor sent the hi-res version through email","license":"used with permission"},{"name":"ntp-2025-10","source":"background-10_x1935.jpg","focalPoint":{"x":1935,"y":800},"author":"Moe Dhia Merazka","link":"https://www.instagram.com/moedhiamerazka","originalUrl":"Contributor sent the hi-res version through email","license":"used with permission"},{"name":"ntp-2025-01","source":"background-1_x1535.jpg","focalPoint":{"x":1535,"y":800},"author":"Spencer Moore","link":"https://www.smoorevisuals.com/landscapes","originalUrl":"Contributor sent the hi-res version through email","license":"used with permission"},{"name":"ntp-2025-11","source":"background-11_x1170.jpg","focalPoint":{"x":1935,"y":800},"author":"Moe Dhia Merazka","link":"https://www.instagram.com/moedhiamerazka","originalUrl":"Contributor sent the hi-res version through email","license":"used with permission"},{"name":"ntp-2025-08","source":"background-8_x1386.jpg","focalPoint":{"x":1386,"y":800},"author":"Adrian Limani","link":"https://adrianlimani.com","originalUrl":"Contributor sent the hi-res version through email","license":"used with permission"},{"name":"ntp-2025-07","source":"background-7_x1182.jpg","focalPoint":{"x":1182,"y":800},"author":"Haizhan Zheng","link":"https://community.brave.com/","originalUrl":"Contributor sent the hi-res version through email","license":"used with permission"},{"name":"ntp-2025-13","source":"background-13_x1218.jpg","focalPoint":{"x":1218,"y":800},"author":"Mogli Maureal","link":"https://www.instagram.com/themogli","originalUrl":"Contributor sent the hi-res version through email","license":"used with permission"},{"name":"ntp-2025-14","source":"background-14_x1640.jpg","focalPoint":{"x":1640,"y":800},"author":"Mogli Maureal","link":"https://www.instagram.com/themogli","originalUrl":"Contributor sent the hi-res version through email","license":"used with permission"},{"name":"ntp-2025-02","source":"background-2_x565.jpg","focalPoint":{"x":565,"y":800},"author":"Spencer Moore","link":"https://www.smoorevisuals.com/landscapes","originalUrl":"Contributor sent the hi-res version through email","license":"used with permission"},{"name":"ntp-2025-06","source":"background-6_x1215.jpg","focalPoint":{"x":1215,"y":800},"author":"Eric Foltz","link":"https://community.brave.com/","originalUrl":"Contributor sent the hi-res version through email","license":"used with permission"},{"name":"ntp-2025-04","source":"background-4_x1120.jpg","focalPoint":{"x":1120,"y":800},"author":"Spencer Moore","link":"https://www.smoorevisuals.com/landscapes","originalUrl":"Contributor sent the hi-res version through email","license":"used with permission"},{"name":"ntp-2025-05","source":"background-5_x1060.jpg","focalPoint":{"x":1060,"y":800},"author":"nikpal","link":"https://community.brave.com/","originalUrl":"Contributor sent the hi-res version through email","license":"used with permission"},{"name":"ntp-2025-09","source":"background-9_x1190.jpg","focalPoint":{"x":1190,"y":800},"author":"Konstantinos Koutsogiannis","link":"https://community.brave.com/","originalUrl":"Contributor sent the hi-res version through email","license":"used with permission"}]}