{"hashes":{"1b638098dd6fcbb9f289875884399b6a70f62082d0900135950269c1cf7a29ff":{"appid":"cdbbhgbmjhfnhnmgeddbliobbofkgdhe","fp":""},"33cfc034f5f0b6784d575b78c2a530b609fae12ff3b385a9495449f64065a5f5":{"appid":"ooejhiplfngjlejbjmjeejfflhcccekc","fp":""},"44c97a8527ef50cab95a16c5e78cd321cbdf315726823afe7e0482af9eb18319":{"appid":"khaoiebndkojlmppeemjhbpbandiljpe","fp":""},"5eb0048a4c8388d3c42fc6afefb08838cdab355b84c831b1f582d3aa21cdf247":{"appid":"afalakplffnnnlkncjhbmahjfjhmlkal","fp":""},"63289f2f2d06c7f45f784e4812d10c2a465759c0c70e99e91e0a9eb2b7dd155d":{"appid":"mfddibmblmbccpadfndgakiopmmhebop","fp":""},"87a99a660cc9188d8806042fdd3553f47b6e116135f6b35fcd4ea50cba2ae0f7":{"appid":"bfpgedeaaibpoidldhjcknekahbikncb","fp":""},"a37ed0fcf6556e98601d68c44e6e0d379de57f323ca4546301029e010ad6c278":{"appid":"hfnkpimlhhgieaddgfemjhofmfblmnib","fp":""},"abbe72fc843a371c4627b684e2e7f56559f6873b79295e8cff5eb3bf898dd179":{"appid":"adcocjohghhfpidemphmcmlmhnfgikei","fp":""},"c6fa314b6145b7a52086e9f808a4f5f0ec3f14e32c7b9ca0dd2789c06fd4beba":{"appid":"gkboaolpopklhgplhaaiboijnklogmbc","fp":""},"f9156205b88bf7590c5708fd12d2d4cd910da651100f4e581d1c582536186fab":{"appid":"iodkpdagapdfkphljnddpjlldadblomo","fp":""}}}