{
  "schemaVersion": 2,
  "gracePeriod": "72h",
  "campaigns": [
    {
      "version": 1,
      "advertiserId": "224393b3-cf63-444e-be57-a1c26d73635d",
      "campaignId": "b357359f-1c09-46b8-b5d2-2d3383e514be",
      "startAt": "2025-06-25T04:00:00.000Z",
      "endAt": "2025-06-26T03:59:00.000Z",
      "dailyCap": 20,
      "priority": 1,
      "ptr": 1,
      "metrics": "p3a",
      "geoTargets": [
        "AD",
        "AE",
        "AF",
        "AL",
        "AM",
        "AO",
        "AR",
        "AT",
        "AU",
        "AW",
        "AZ",
        "BA",
        "BB",
        "BD",
        "BE",
        "BF",
        "BG",
        "BH",
        "BI",
        "BJ",
        "BM",
        "BN",
        "BO",
        "BR",
        "BS",
        "BT",
        "BW",
        "BZ",
        "CA",
        "CD",
        "CG",
        "CH",
        "CI",
        "CL",
        "CM",
        "CN",
        "CO",
        "CR",
        "CV",
        "CW",
        "CY",
        "CZ",
        "DE",
        "DJ",
        "DK",
        "DM",
        "DO",
        "DZ",
        "EC",
        "EE",
        "EG",
        "ES",
        "ET",
        "FI",
        "FJ",
        "FO",
        "FR",
        "GA",
        "GB",
        "GD",
        "GE",
        "GF",
        "GG",
        "GH",
        "GI",
        "GM",
        "GN",
        "GP",
        "GR",
        "GT",
        "GU",
        "GY",
        "HK",
        "HN",
        "HR",
        "HT",
        "HU",
        "ID",
        "IE",
        "IL",
        "IM",
        "IN",
        "IQ",
        "IS",
        "IT",
        "JE",
        "JM",
        "JO",
        "KE",
        "KG",
        "KH",
        "KR",
        "KW",
        "KY",
        "KZ",
        "LA",
        "LB",
        "LC",
        "LI",
        "LK",
        "LS",
        "LT",
        "LU",
        "LV",
        "LY",
        "MA",
        "MC",
        "ME",
        "MG",
        "MK",
        "ML",
        "MM",
        "MN",
        "MO",
        "MQ",
        "MR",
        "MT",
        "MU",
        "MV",
        "MW",
        "MX",
        "MY",
        "MZ",
        "NA",
        "NC",
        "NE",
        "NG",
        "NI",
        "NL",
        "NO",
        "NP",
        "NZ",
        "OM",
        "PA",
        "PE",
        "PF",
        "PG",
        "PH",
        "PK",
        "PL",
        "PR",
        "PS",
        "PT",
        "PY",
        "QA",
        "RE",
        "RO",
        "RS",
        "RW",
        "SA",
        "SC",
        "SD",
        "SE",
        "SG",
        "SI",
        "SK",
        "SL",
        "SN",
        "SO",
        "SR",
        "SV",
        "SZ",
        "TG",
        "TH",
        "TN",
        "TO",
        "TR",
        "TT",
        "TW",
        "UG",
        "US",
        "UY",
        "UZ",
        "VC",
        "VI",
        "VN",
        "YE",
        "ZA",
        "ZM",
        "ZW"
      ],
      "creativeSets": [
        {
          "creativeSetId": "9719b1a3-5891-4f0e-a194-314a2e1ecf38",
          "perDay": 20,
          "perMonth": 0,
          "perWeek": 0,
          "totalMax": 20,
          "value": "0.01",
          "creatives": [
            {
              "creativeInstanceId": "96d24c3f-5f59-44f0-b7f1-e73bb6bc7fc9",
              "targetUrl": "https://www.midnight.gd/",
              "alt": "Midnight - Token distribution that's designed to be fair, inclusive and equitable. #breakfree from status quo tokennomics.",
              "companyName": "Midnight",
              "wallpaper": {
                "type": "image",
                "relativeUrl": "265d674a-ec5b-43f5-8bd4-4b42e8de7fec/c2c078b0-3386-4b01-ab3d-c5b13776269a.jpg",
                "button": {
                  "image": {
                    "relativeUrl": "265d674a-ec5b-43f5-8bd4-4b42e8de7fec/fdf8df9a-614a-4f78-be8c-845987638ca8.png"
                  }
                },
                "focalPoint": {
                  "x": 1280,
                  "y": 720
                }
              }
            },
            {
              "creativeInstanceId": "605c28e4-0a60-42c8-9a2b-3af5d9f0cd8a",
              "targetUrl": "https://www.midnight.gd/",
              "alt": "Midnight - Token distribution that's designed to be fair, inclusive and equitable. #breakfree from status quo tokennomics.",
              "companyName": "Midnight",
              "wallpaper": {
                "type": "image",
                "relativeUrl": "e3799124-fcc4-414b-9f41-f5edc30b8971/9369e703-b8c8-4650-9a7f-484baa5328ff.jpg",
                "button": {
                  "image": {
                    "relativeUrl": "e3799124-fcc4-414b-9f41-f5edc30b8971/fdf8df9a-614a-4f78-be8c-845987638ca8.png"
                  }
                },
                "focalPoint": {
                  "x": 1280,
                  "y": 720
                }
              }
            }
          ]
        }
      ]
    }
  ]
}