{
  "schemaVersion": 1,
  "campaigns": [
    {
      "campaignId": "b357359f-1c09-46b8-b5d2-2d3383e514be",
      "logo": {
        "imageUrl": "265d674a-ec5b-43f5-8bd4-4b42e8de7fec/fdf8df9a-614a-4f78-be8c-845987638ca8.png",
        "destinationUrl": "https://www.midnight.gd/",
        "alt": "Midnight - Token distribution that's designed to be fair, inclusive and equitable. #breakfree from status quo tokennomics.",
        "companyName": "Midnight"
      },
      "wallpapers": [
        {
          "imageUrl": "265d674a-ec5b-43f5-8bd4-4b42e8de7fec/c2c078b0-3386-4b01-ab3d-c5b13776269a.jpg",
          "creativeInstanceId": "96d24c3f-5f59-44f0-b7f1-e73bb6bc7fc9",
          "focalPoint": {
            "x": 1280,
            "y": 720
          }
        },
        {
          "imageUrl": "e3799124-fcc4-414b-9f41-f5edc30b8971/9369e703-b8c8-4650-9a7f-484baa5328ff.jpg",
          "creativeInstanceId": "605c28e4-0a60-42c8-9a2b-3af5d9f0cd8a",
          "focalPoint": {
            "x": 1280,
            "y": 720
          },
          "logo": {
            "imageUrl": "e3799124-fcc4-414b-9f41-f5edc30b8971/fdf8df9a-614a-4f78-be8c-845987638ca8.png",
            "destinationUrl": "https://www.midnight.gd/",
            "alt": "Midnight - Token distribution that's designed to be fair, inclusive and equitable. #breakfree from status quo tokennomics.",
            "companyName": "Midnight"
          }
        }
      ]
    }
  ],
  "campaigns2": [
    {
      "campaignId": "b357359f-1c09-46b8-b5d2-2d3383e514be",
      "logo": {
        "imageUrl": "265d674a-ec5b-43f5-8bd4-4b42e8de7fec/fdf8df9a-614a-4f78-be8c-845987638ca8.png",
        "destinationUrl": "https://www.midnight.gd/",
        "alt": "Midnight - Token distribution that's designed to be fair, inclusive and equitable. #breakfree from status quo tokennomics.",
        "companyName": "Midnight"
      },
      "wallpapers": [
        {
          "imageUrl": "265d674a-ec5b-43f5-8bd4-4b42e8de7fec/c2c078b0-3386-4b01-ab3d-c5b13776269a.jpg",
          "creativeInstanceId": "96d24c3f-5f59-44f0-b7f1-e73bb6bc7fc9",
          "focalPoint": {
            "x": 1280,
            "y": 720
          }
        },
        {
          "imageUrl": "e3799124-fcc4-414b-9f41-f5edc30b8971/9369e703-b8c8-4650-9a7f-484baa5328ff.jpg",
          "creativeInstanceId": "605c28e4-0a60-42c8-9a2b-3af5d9f0cd8a",
          "focalPoint": {
            "x": 1280,
            "y": 720
          },
          "logo": {
            "imageUrl": "e3799124-fcc4-414b-9f41-f5edc30b8971/fdf8df9a-614a-4f78-be8c-845987638ca8.png",
            "destinationUrl": "https://www.midnight.gd/",
            "alt": "Midnight - Token distribution that's designed to be fair, inclusive and equitable. #breakfree from status quo tokennomics.",
            "companyName": "Midnight"
          }
        }
      ]
    }
  ]
}